{"is_source_file": true, "format": "JavaScript (React JSX)", "description": "Main application component for a React-based frontend, including routing setup, theme toggle, and navigation elements.", "external_files": ["./context/AuthContext", "./components/RequireAuth", "./pages/AuthPage", "./pages/OrganizationsPage", "./pages/ProjectsPage", "./pages/TasksPage", "./pages/ActivityLogsPage", "./App.css"], "external_methods": ["useAuth", "requireAuth", "useNavigate", "useEffect", "useState", "Link", "Navigate", "Route", "Routes"], "published": ["App"], "classes": [], "methods": [{"name": "TopNav()", "description": "Navigation bar component with links and logout functionality.", "scope": "", "scopeKind": ""}, {"name": "App()", "description": "Main application component with routing, theme toggle, and authentication logic.", "scope": "", "scopeKind": ""}], "calls": ["useAuth()", "useNavigate()", "useEffect()", "setTheme()", "navigate()", "logout()", "document.documentElement.setAttribute", "setTheme", "navigate('/auth')"], "search-terms": ["React routing config", "require auth routes", "theme toggle button", "navigation bar", "React useEffect", "AuthContext", "AuthPage", "ProjectsPage", "TasksPage"], "state": 2, "file_id": 12, "knowledge_revision": 48, "git_revision": "5d6d6f497d154663d99abb9ad50b716dc2fc3054", "revision_history": [{"25": "5d6d6f497d154663d99abb9ad50b716dc2fc3054"}, {"48": "5d6d6f497d154663d99abb9ad50b716dc2fc3054"}], "ctags": [{"_type": "tag", "name": "App", "path": "/home/kavia/workspace/code-generation/collaboratepro-311918-311929/project_management_frontend/src/App.js", "pattern": "/^function App() {$/", "language": "JavaScript", "kind": "function", "signature": "()"}, {"_type": "tag", "name": "Switch to ${theme === 'light' ? 'dark' : 'light'} mode", "path": "/home/kavia/workspace/code-generation/collaboratepro-311918-311929/project_management_frontend/src/App.js", "pattern": "/^        aria-label={`Switch to ${theme === 'light' ? 'dark' : 'light'} mode`}$/", "language": "JavaScript", "kind": "field", "scope": "App.aria", "scopeKind": "class"}, {"_type": "tag", "name": "TopNav", "path": "/home/kavia/workspace/code-generation/collaboratepro-311918-311929/project_management_frontend/src/App.js", "pattern": "/^function TopNav() {$/", "language": "JavaScript", "kind": "function", "signature": "()"}, {"_type": "tag", "name": "toggleTheme", "path": "/home/kavia/workspace/code-generation/collaboratepro-311918-311929/project_management_frontend/src/App.js", "pattern": "/^        onClick={toggleTheme}$/", "language": "JavaScript", "kind": "field", "scope": "App.onClick", "scopeKind": "class"}, {"_type": "tag", "name": "token", "path": "/home/kavia/workspace/code-generation/collaboratepro-311918-311929/project_management_frontend/src/App.js", "pattern": "/^          <Route path=\"\\/\" element={<Navigate to={token ? '\\/organizations' : '\\/auth'} replace /", "language": "JavaScript", "kind": "field", "scope": "App.AnonymousClass220e60fe0201", "scopeKind": "class"}], "hash": "d83fee132f2f0e865e5adaa7313b0c9b", "format-version": 4, "code-base-name": "project_management_frontend", "filename": "project_management_frontend/src/App.js", "fields": [{"name": "aria-label={`Switch to ${theme === 'light' ? 'dark' : 'light'} mode`}", "scope": "App.aria", "scopeKind": "class", "description": "unavailable"}, {"name": "onClick={toggleTheme}", "scope": "App.onClick", "scopeKind": "class", "description": "unavailable"}, {"name": "<Route path=\"\\/\" element={<Navigate to={token ? '\\/organizations' : '\\/auth'} replace /", "scope": "App.AnonymousClass220e60fe0201", "scopeKind": "class", "description": "unavailable"}]}