{"is_source_file": true, "format": "JavaScript", "description": "Entry point for a React-based web application, responsible for rendering the root component into the DOM.", "external_files": ["react", "react-dom/client", "./index.css", "./App"], "external_methods": ["ReactDOM.createRoot", "root.render"], "published": [], "classes": [], "methods": [{"name": "ReactDOM.createRoot", "description": "Creates a root to manage a React component tree for concurrent mode."}, {"name": "root.render", "description": "Renders React elements into the DOM node."}], "calls": ["ReactDOM.createRoot", "root.render"], "search-terms": ["ReactDOM", "React.StrictMode", "index.js", "React"], "state": 2, "file_id": 8, "knowledge_revision": 23, "git_revision": "5d6d6f497d154663d99abb9ad50b716dc2fc3054", "ctags": [{"_type": "tag", "name": "root", "path": "/home/kavia/workspace/code-generation/collaboratepro-311918-311929/project_management_frontend/src/index.js", "pattern": "/^const root = ReactDOM.createRoot(document.getElementById('root'));$/", "language": "JavaScript", "kind": "constant"}], "hash": "9fc5841375336fc175b49f8767a11383", "format-version": 4, "code-base-name": "project_management_frontend", "filename": "project_management_frontend/src/index.js", "revision_history": [{"23": "5d6d6f497d154663d99abb9ad50b716dc2fc3054"}]}