{"is_source_file": true, "format": "JavaScript (React JSX)", "description": "This is a React component named RequireAuth that protects routes by ensuring the user is authenticated. It displays a loading indicator during initialization, and redirects unauthenticated users to the authentication page.", "external_files": ["./common", "../context/AuthContext", "react", "react-router-dom"], "external_methods": ["useAuth", "useLocation", "Navigate", "Loading"], "published": [], "classes": [], "methods": [{"name": "RequireAuth({ children })", "description": "React functional component that wraps child components to enforce authentication checks before rendering.", "scope": "", "scopeKind": ""}], "calls": ["useAuth()", "useLocation()", "<Loading label=\"Loading session\u2026\" />", "<Navigate to=\"/auth\" replace state={{ from: location }} />"], "search-terms": ["RequireAuth", "react-router-dom", "authentication protection", "AuthContext", "route guarding"], "state": 2, "file_id": 23, "knowledge_revision": 47, "git_revision": "", "ctags": [{"_type": "tag", "name": "RequireAuth", "path": "/home/kavia/workspace/code-generation/collaboratepro-311918-311929/project_management_frontend/src/components/RequireAuth.js", "pattern": "/^export default function RequireAuth({ children }) {$/", "language": "JavaScript", "kind": "function", "signature": "({ children })"}], "hash": "59e0e6adbb3b71dd0b2b936a8384294b", "format-version": 4, "code-base-name": "project_management_frontend", "filename": "project_management_frontend/src/components/RequireAuth.js", "revision_history": [{"47": ""}]}