{"is_source_file": true, "format": "JavaScript", "description": "This file handles authentication-related functionality, including token storage in localStorage and API requests for user registration, login, and fetching user info.", "external_files": ["./client"], "external_methods": ["apiRequest"], "published": ["getStoredToken", "setStoredToken", "register", "login", "getMe"], "classes": [], "methods": [{"name": "getStoredToken()", "description": "Returns the persisted auth token from localStorage (or null).", "scope": "", "scopeKind": ""}, {"name": "setStoredToken(token)", "description": "Persists the auth token to localStorage.", "scope": "", "scopeKind": ""}, {"name": "register({ name, email, password })", "description": "Register a user by sending a POST request to the registration API endpoint.", "scope": "", "scopeKind": ""}, {"name": "login({ email, password })", "description": "Login user and retrieve token via API request.", "scope": "", "scopeKind": ""}, {"name": "getMe(token)", "description": "Fetch current user data using the provided token.", "scope": "", "scopeKind": ""}], "calls": ["apiRequest('/api/auth/register')", "apiRequest('/api/auth/login')", "apiRequest('/api/auth/me')"], "search-terms": ["auth", "localStorage", "token", "register", "login", "getMe"], "state": 2, "file_id": 14, "knowledge_revision": 29, "git_revision": "", "ctags": [{"_type": "tag", "name": "TOKEN_STORAGE_KEY", "path": "/home/kavia/workspace/code-generation/collaboratepro-311918-311929/project_management_frontend/src/api/auth.js", "pattern": "/^const TOKEN_STORAGE_KEY = 'pm_token';$/", "language": "JavaScript", "kind": "constant"}, {"_type": "tag", "name": "getMe", "path": "/home/kavia/workspace/code-generation/collaboratepro-311918-311929/project_management_frontend/src/api/auth.js", "pattern": "/^export async function getMe(token) {$/", "language": "JavaScript", "kind": "function", "signature": "(token)"}, {"_type": "tag", "name": "getStoredToken", "path": "/home/kavia/workspace/code-generation/collaboratepro-311918-311929/project_management_frontend/src/api/auth.js", "pattern": "/^export function getStoredToken() {$/", "language": "JavaScript", "kind": "function", "signature": "()"}, {"_type": "tag", "name": "login", "path": "/home/kavia/workspace/code-generation/collaboratepro-311918-311929/project_management_frontend/src/api/auth.js", "pattern": "/^export async function login({ email, password }) {$/", "language": "JavaScript", "kind": "function", "signature": "({ email, password })"}, {"_type": "tag", "name": "register", "path": "/home/kavia/workspace/code-generation/collaboratepro-311918-311929/project_management_frontend/src/api/auth.js", "pattern": "/^export async function register({ name, email, password }) {$/", "language": "JavaScript", "kind": "function", "signature": "({ name, email, password })"}, {"_type": "tag", "name": "setStoredToken", "path": "/home/kavia/workspace/code-generation/collaboratepro-311918-311929/project_management_frontend/src/api/auth.js", "pattern": "/^export function setStoredToken(token) {$/", "language": "JavaScript", "kind": "function", "signature": "(token)"}], "hash": "a7c70c3097a3bcad049a9e04f0e6f7b6", "format-version": 4, "code-base-name": "project_management_frontend", "filename": "project_management_frontend/src/api/auth.js", "revision_history": [{"29": ""}]}