{"is_source_file": false, "format": "", "description": "", "external_files": [], "external_methods": [], "published": [], "classes": [], "methods": [], "calls": [], "search-terms": [], "state": 2, "file_id": 6, "knowledge_revision": 17, "git_revision": "5d6d6f497d154663d99abb9ad50b716dc2fc3054", "hash": "d9d975cebe2ec20b6c652e1e4c12ccf0", "format-version": 4, "code-base-name": "project_management_frontend", "filename": "project_management_frontend/public/manifest.json", "revision_history": [{"17": "5d6d6f497d154663d99abb9ad50b716dc2fc3054"}]}