{"is_source_file": true, "format": "JavaScript", "description": "This file defines various asynchronous functions for interacting with a REST API related to project management, including listing and creating organizations, projects, tasks, and activity logs.", "external_files": ["./client"], "external_methods": ["apiRequest"], "published": ["listOrganizations", "createOrganization", "listProjectsForOrg", "createProjectForOrg", "listTasksForProject", "createTaskForProject", "listActivityLogs"], "classes": [], "methods": [{"name": "listOrganizations(token)", "description": "Fetches a list of organizations visible to the user.", "scope": "", "scopeKind": ""}, {"name": "createOrganization(token, { name })", "description": "Creates a new organization with the specified name.", "scope": "", "scopeKind": ""}, {"name": "listProjectsForOrg(token, orgId)", "description": "Retrieves a list of projects within a specific organization.", "scope": "", "scopeKind": ""}, {"name": "createProjectForOrg(token, orgId, { name, description })", "description": "Creates a new project within the specified organization.", "scope": "", "scopeKind": ""}, {"name": "listTasksForProject(token, projectId)", "description": "Retrieves a list of tasks within a specific project.", "scope": "", "scopeKind": ""}, {"name": "createTaskForProject(token, projectId, { title, description, status, assigneeId })", "description": "Creates a new task within a specified project.", "scope": "", "scopeKind": ""}, {"name": "listActivityLogs(token)", "description": "Fetches recent activity logs.", "scope": "", "scopeKind": ""}], "calls": ["apiRequest"], "search-terms": ["listOrganizations", "createOrganization", "listProjectsForOrg", "createProjectForOrg", "listTasksForProject", "createTaskForProject", "listActivityLogs", "project_management_api", "resources.js"], "state": 2, "file_id": 15, "knowledge_revision": 31, "git_revision": "", "ctags": [{"_type": "tag", "name": "createOrganization", "path": "/home/kavia/workspace/code-generation/collaboratepro-311918-311929/project_management_frontend/src/api/resources.js", "pattern": "/^export async function createOrganization(token, { name }) {$/", "language": "JavaScript", "kind": "function", "signature": "(token, { name })"}, {"_type": "tag", "name": "createProjectForOrg", "path": "/home/kavia/workspace/code-generation/collaboratepro-311918-311929/project_management_frontend/src/api/resources.js", "pattern": "/^export async function createProjectForOrg(token, orgId, { name, description }) {$/", "language": "JavaScript", "kind": "function", "signature": "(token, orgId, { name, description })"}, {"_type": "tag", "name": "createTaskForProject", "path": "/home/kavia/workspace/code-generation/collaboratepro-311918-311929/project_management_frontend/src/api/resources.js", "pattern": "/^export async function createTaskForProject(token, projectId, { title, description, status, assig/", "language": "JavaScript", "kind": "function", "signature": "(token, projectId, { title, description, status, assigneeId })"}, {"_type": "tag", "name": "listActivityLogs", "path": "/home/kavia/workspace/code-generation/collaboratepro-311918-311929/project_management_frontend/src/api/resources.js", "pattern": "/^export async function listActivityLogs(token) {$/", "language": "JavaScript", "kind": "function", "signature": "(token)"}, {"_type": "tag", "name": "listOrganizations", "path": "/home/kavia/workspace/code-generation/collaboratepro-311918-311929/project_management_frontend/src/api/resources.js", "pattern": "/^export async function listOrganizations(token) {$/", "language": "JavaScript", "kind": "function", "signature": "(token)"}, {"_type": "tag", "name": "listProjectsForOrg", "path": "/home/kavia/workspace/code-generation/collaboratepro-311918-311929/project_management_frontend/src/api/resources.js", "pattern": "/^export async function listProjectsForOrg(token, orgId) {$/", "language": "JavaScript", "kind": "function", "signature": "(token, orgId)"}, {"_type": "tag", "name": "listTasksForProject", "path": "/home/kavia/workspace/code-generation/collaboratepro-311918-311929/project_management_frontend/src/api/resources.js", "pattern": "/^export async function listTasksForProject(token, projectId) {$/", "language": "JavaScript", "kind": "function", "signature": "(token, projectId)"}], "hash": "1e532279da6eab3d134415e3cc11746c", "format-version": 4, "code-base-name": "project_management_frontend", "filename": "project_management_frontend/src/api/resources.js", "revision_history": [{"31": ""}]}