{"is_source_file": true, "format": "JavaScript (React JSX)", "description": "This file defines a React functional component named 'App' that manages a theme toggling feature (light/dark) and renders a simple UI with a button, logo, and links.", "external_files": ["./logo.svg", "./App.css"], "external_methods": ["React.useState", "React.useEffect"], "published": ["App"], "classes": [], "methods": [{"name": "App()", "description": "React functional component managing theme state and rendering UI elements.", "scope": "", "scopeKind": ""}, {"name": "toggleTheme", "description": "Function that toggles the theme state between 'light' and 'dark'."}], "calls": ["React.useState", "React.useEffect", "document.documentElement.setAttribute", "setTheme", "prevTheme => prevTheme === 'light' ? 'dark' : 'light'", "document.querySelector", "console.log"], "search-terms": ["React functional component", "theme toggle", "useState hook", "useEffect hook", "App.css", "logo.svg", "data-theme attribute"], "state": 2, "file_id": 12, "knowledge_revision": 25, "git_revision": "5d6d6f497d154663d99abb9ad50b716dc2fc3054", "ctags": [{"_type": "tag", "name": "App", "path": "/home/kavia/workspace/code-generation/collaboratepro-311918-311929/project_management_frontend/src/App.js", "pattern": "/^function App() {$/", "language": "JavaScript", "kind": "function", "signature": "()"}, {"_type": "tag", "name": "Switch to ${theme === 'light' ? 'dark' : 'light'} mode", "path": "/home/kavia/workspace/code-generation/collaboratepro-311918-311929/project_management_frontend/src/App.js", "pattern": "/^          aria-label={`Switch to ${theme === 'light' ? 'dark' : 'light'} mode`}$/", "language": "JavaScript", "kind": "field", "scope": "App.aria", "scopeKind": "class"}, {"_type": "tag", "name": "toggleTheme", "path": "/home/kavia/workspace/code-generation/collaboratepro-311918-311929/project_management_frontend/src/App.js", "pattern": "/^          onClick={toggleTheme}$/", "language": "JavaScript", "kind": "field", "scope": "App.onClick", "scopeKind": "class"}], "hash": "b55dd9e6a018e59207d8e277dffd9e11", "format-version": 4, "code-base-name": "project_management_frontend", "filename": "project_management_frontend/src/App.js", "fields": [{"name": "aria-label={`Switch to ${theme === 'light' ? 'dark' : 'light'} mode`}", "scope": "App.aria", "scopeKind": "class", "description": "unavailable"}, {"name": "onClick={toggleTheme}", "scope": "App.onClick", "scopeKind": "class", "description": "unavailable"}], "revision_history": [{"25": "5d6d6f497d154663d99abb9ad50b716dc2fc3054"}]}