{"is_source_file": true, "format": "JavaScript (React JSX)", "description": "This file defines a React component 'AuthPage' that implements a login/register interface. It manages authentication states, handles form submission, interacts with authentication context for login and registration, and navigates upon successful login.", "external_files": ["../components/common", "../context/AuthContext", "react", "react-router-dom"], "external_methods": ["useAuth", "useNavigate", "register", "login"], "published": ["AuthPage"], "classes": [], "methods": [{"name": "onSubmit(e)", "description": "Handles form submission for login or registration, manages loading and error states, and performs authentication actions.", "scope": "AuthPage", "scopeKind": "function"}, {"name": "AuthPage()", "scope": "", "scopeKind": "", "description": "unavailable"}], "calls": ["useAuth", "useNavigate", "register", "login"], "search-terms": ["React AuthPage", "useAuth hook", "registration form", "login form", "react-router navigation", "auth context"], "state": 2, "file_id": 18, "knowledge_revision": 37, "git_revision": "", "ctags": [{"_type": "tag", "name": "AuthPage", "path": "/home/kavia/workspace/code-generation/collaboratepro-311918-311929/project_management_frontend/src/pages/AuthPage.js", "pattern": "/^export default function AuthPage() {$/", "language": "JavaScript", "kind": "function", "signature": "()"}, {"_type": "tag", "name": "email", "path": "/home/kavia/workspace/code-generation/collaboratepro-311918-311929/project_management_frontend/src/pages/AuthPage.js", "pattern": "/^            value={email}$/", "language": "JavaScript", "kind": "field", "scope": "value", "scopeKind": "class"}, {"_type": "tag", "name": "error", "path": "/home/kavia/workspace/code-generation/collaboratepro-311918-311929/project_management_frontend/src/pages/AuthPage.js", "pattern": "/^      <InlineError error={error} \\/>$/", "language": "JavaScript", "kind": "field", "scope": "AnonymousClass481fd48b0401", "scopeKind": "class"}, {"_type": "tag", "name": "loading", "path": "/home/kavia/workspace/code-generation/collaboratepro-311918-311929/project_management_frontend/src/pages/AuthPage.js", "pattern": "/^            disabled={loading}$/", "language": "JavaScript", "kind": "field", "scope": "required", "scopeKind": "class"}, {"_type": "tag", "name": "loading", "path": "/home/kavia/workspace/code-generation/collaboratepro-311918-311929/project_management_frontend/src/pages/AuthPage.js", "pattern": "/^          disabled={loading}$/", "language": "JavaScript", "kind": "field", "scope": "disabled", "scopeKind": "class"}, {"_type": "tag", "name": "onSubmit", "path": "/home/kavia/workspace/code-generation/collaboratepro-311918-311929/project_management_frontend/src/pages/AuthPage.js", "pattern": "/^  async function onSubmit(e) {$/", "language": "JavaScript", "kind": "function", "signature": "(e)", "scope": "AuthPage", "scopeKind": "function"}, {"_type": "tag", "name": "password", "path": "/home/kavia/workspace/code-generation/collaboratepro-311918-311929/project_management_frontend/src/pages/AuthPage.js", "pattern": "/^            value={password}$/", "language": "JavaScript", "kind": "field", "scope": "value", "scopeKind": "class"}], "hash": "fb2969c4c36e6db60ab1bdb3f66202ec", "format-version": 4, "code-base-name": "project_management_frontend", "filename": "project_management_frontend/src/pages/AuthPage.js", "fields": [{"name": "value={email}", "scope": "value", "scopeKind": "class", "description": "unavailable"}, {"name": "<InlineError error={error} \\/>", "scope": "AnonymousClass481fd48b0401", "scopeKind": "class", "description": "unavailable"}, {"name": "disabled={loading}", "scope": "required", "scopeKind": "class", "description": "unavailable"}, {"name": "value={password}", "scope": "value", "scopeKind": "class", "description": "unavailable"}], "revision_history": [{"37": ""}]}