{"is_source_file": false, "format": "", "description": "", "external_files": [], "external_methods": [], "published": [], "classes": [], "methods": [], "calls": [], "search-terms": [], "state": 2, "file_id": 2, "knowledge_revision": 50, "git_revision": "190f3757189b48cad45817628636e680b2610462", "revision_history": [{"14": "5d6d6f497d154663d99abb9ad50b716dc2fc3054"}, {"50": "190f3757189b48cad45817628636e680b2610462"}], "hash": "73535be56079fc83c823052acd0615bc", "format-version": 4, "code-base-name": "project_management_frontend", "filename": "project_management_frontend/package.json"}