{"is_source_file": false, "format": "", "description": "", "external_files": [], "external_methods": [], "published": [], "classes": [], "methods": [], "calls": [], "search-terms": [], "state": 2, "file_id": 2, "knowledge_revision": 14, "git_revision": "5d6d6f497d154663d99abb9ad50b716dc2fc3054", "hash": "d001d53c059625c4bcf75bf5a7f3fcf0", "format-version": 4, "code-base-name": "project_management_frontend", "filename": "project_management_frontend/package.json", "revision_history": [{"14": "5d6d6f497d154663d99abb9ad50b716dc2fc3054"}]}