{"is_source_file": false, "format": "", "description": "", "external_files": [], "external_methods": [], "published": [], "classes": [], "methods": [], "calls": [], "search-terms": [], "state": 2, "file_id": 3, "knowledge_revision": 16, "git_revision": "5d6d6f497d154663d99abb9ad50b716dc2fc3054", "hash": "ebece526bc2eadd78ddd787a76c56607", "format-version": 4, "code-base-name": "project_management_frontend", "filename": "project_management_frontend/README.md", "revision_history": [{"16": "5d6d6f497d154663d99abb9ad50b716dc2fc3054"}]}