{"is_source_file": false, "format": "", "description": "", "external_files": [], "external_methods": [], "published": [], "classes": [], "methods": [], "calls": [], "search-terms": [], "state": 2, "file_id": 11, "knowledge_revision": 18, "git_revision": "5d6d6f497d154663d99abb9ad50b716dc2fc3054", "hash": "6c2104b8d219ed99234ae2d6329f4357", "format-version": 4, "code-base-name": "project_management_frontend", "filename": "project_management_frontend/src/index.css", "revision_history": [{"18": "5d6d6f497d154663d99abb9ad50b716dc2fc3054"}]}