{"is_source_file": true, "format": "JavaScript (React JSX)", "description": "React component for the Organizations Page, including listing, creating, and linking organizations.", "external_files": ["../api/resources", "../components/common", "../context/AuthContext", "react-router-dom"], "external_methods": ["listOrganizations", "createOrganization", "useAuth", "InlineError", "Loading"], "published": [], "classes": [], "methods": [{"name": "OrganizationsPage()", "description": "React functional component that manages and displays a list of organizations, allows creation of new ones, and handles loading/error states.", "scope": "", "scopeKind": ""}, {"name": "load()", "description": "Async function to fetch the list of organizations from the API and update state.", "scope": "OrganizationsPage", "scopeKind": "function"}, {"name": "onCreate(e)", "description": "Async function to handle creation of a new organization and reload the organization list.", "scope": "OrganizationsPage", "scopeKind": "function"}], "calls": ["listOrganizations(token)", "createOrganization(token, { name: name.trim() })", "load()"], "search-terms": ["OrganizationsPage", "React", "useAuth", "listOrganizations", "createOrganization", "organization list", "organization creation", "organization link"], "state": 2, "file_id": 19, "knowledge_revision": 39, "git_revision": "", "ctags": [{"_type": "tag", "name": "OrganizationsPage", "path": "/home/kavia/workspace/code-generation/collaboratepro-311918-311929/project_management_frontend/src/pages/OrganizationsPage.js", "pattern": "/^export default function OrganizationsPage() {$/", "language": "JavaScript", "kind": "function", "signature": "()"}, {"_type": "tag", "name": "creating", "path": "/home/kavia/workspace/code-generation/collaboratepro-311918-311929/project_management_frontend/src/pages/OrganizationsPage.js", "pattern": "/^          disabled={creating}$/", "language": "JavaScript", "kind": "field", "scope": "disabled", "scopeKind": "class"}, {"_type": "tag", "name": "error", "path": "/home/kavia/workspace/code-generation/collaboratepro-311918-311929/project_management_frontend/src/pages/OrganizationsPage.js", "pattern": "/^      <InlineError error={error} \\/>$/", "language": "JavaScript", "kind": "field", "scope": "AnonymousClass6e30bca10301", "scopeKind": "class"}, {"_type": "tag", "name": "load", "path": "/home/kavia/workspace/code-generation/collaboratepro-311918-311929/project_management_frontend/src/pages/OrganizationsPage.js", "pattern": "/^  async function load() {$/", "language": "JavaScript", "kind": "function", "signature": "()", "scope": "OrganizationsPage", "scopeKind": "function"}, {"_type": "tag", "name": "name", "path": "/home/kavia/workspace/code-generation/collaboratepro-311918-311929/project_management_frontend/src/pages/OrganizationsPage.js", "pattern": "/^          value={name}$/", "language": "JavaScript", "kind": "field", "scope": "value", "scopeKind": "class"}, {"_type": "tag", "name": "onCreate", "path": "/home/kavia/workspace/code-generation/collaboratepro-311918-311929/project_management_frontend/src/pages/OrganizationsPage.js", "pattern": "/^  async function onCreate(e) {$/", "language": "JavaScript", "kind": "function", "signature": "(e)", "scope": "OrganizationsPage", "scopeKind": "function"}], "hash": "8d03e4fbda0cabb5d908a96539bce4c8", "format-version": 4, "code-base-name": "project_management_frontend", "filename": "project_management_frontend/src/pages/OrganizationsPage.js", "fields": [{"name": "disabled={creating}", "scope": "disabled", "scopeKind": "class", "description": "unavailable"}, {"name": "<InlineError error={error} \\/>", "scope": "AnonymousClass6e30bca10301", "scopeKind": "class", "description": "unavailable"}, {"name": "value={name}", "scope": "value", "scopeKind": "class", "description": "unavailable"}], "revision_history": [{"39": ""}]}