{"is_source_file": true, "format": "HTML", "description": "The file is an HTML template for a web application's frontend, including metadata, links to stylesheets, and a root div for rendering the React app.", "external_files": ["%PUBLIC_URL%/favicon.ico", "%PUBLIC_URL%/logo192.png", "%PUBLIC_URL%/manifest.json", "https://fonts.googleapis.com/css2?family=Inter:wght@400;500;600;700&display=swap"], "external_methods": [], "published": [], "classes": [], "methods": [], "calls": [], "search-terms": ["HTML template", "web app frontend", "React root div", "public URL placeholders", "metadata tags"], "state": 2, "file_id": 5, "knowledge_revision": 20, "git_revision": "5d6d6f497d154663d99abb9ad50b716dc2fc3054", "hash": "d2b40d02d5f7873d8a6713bad837edd4", "format-version": 4, "code-base-name": "project_management_frontend", "filename": "project_management_frontend/public/index.html", "revision_history": [{"20": "5d6d6f497d154663d99abb9ad50b716dc2fc3054"}]}