{"is_source_file": false, "format": "", "description": "", "external_files": [], "external_methods": [], "published": [], "classes": [], "methods": [], "calls": [], "search-terms": [], "state": 2, "file_id": 9, "knowledge_revision": 24, "git_revision": "5d6d6f497d154663d99abb9ad50b716dc2fc3054", "ctags": [], "hash": "1a77571e1a8cf36018a41bcedf60db75", "format-version": 4, "code-base-name": "project_management_frontend", "filename": "project_management_frontend/src/setupTests.js", "revision_history": [{"24": "5d6d6f497d154663d99abb9ad50b716dc2fc3054"}]}