{"is_source_file": false, "format": "", "description": "", "external_files": [], "external_methods": [], "published": [], "classes": [], "methods": [], "calls": [], "search-terms": [], "state": 2, "file_id": 10, "knowledge_revision": 19, "git_revision": "5d6d6f497d154663d99abb9ad50b716dc2fc3054", "hash": "22f9e17cc1848b56dbb244518ac2707e", "format-version": 4, "code-base-name": "project_management_frontend", "filename": "project_management_frontend/src/App.css", "revision_history": [{"19": "5d6d6f497d154663d99abb9ad50b716dc2fc3054"}]}