{"is_source_file": true, "format": "JavaScript", "description": "This file defines React functional components 'InlineError' and 'Loading' used for UI rendering of error messages and loading indicators, respectively.", "external_files": ["react"], "external_methods": ["React from 'react'"], "published": ["InlineError", "Loading"], "classes": [], "methods": [{"name": "InlineError({ error })", "description": "A React component that renders an inline error message if an error is provided.", "scope": "", "scopeKind": ""}, {"name": "Loading({ label = 'Loading\u2026' })", "description": "A React component that renders a loading indicator with an optional label.", "scope": "", "scopeKind": ""}], "calls": ["React"], "search-terms": ["common.js", "React components", "InlineError", "Loading", "error message UI", "loading indicator"], "state": 2, "file_id": 17, "knowledge_revision": 35, "git_revision": "", "ctags": [{"_type": "tag", "name": "InlineError", "path": "/home/kavia/workspace/code-generation/collaboratepro-311918-311929/project_management_frontend/src/components/common.js", "pattern": "/^export function InlineError({ error }) {$/", "language": "JavaScript", "kind": "function", "signature": "({ error })"}, {"_type": "tag", "name": "Loading", "path": "/home/kavia/workspace/code-generation/collaboratepro-311918-311929/project_management_frontend/src/components/common.js", "pattern": "/^export function Loading({ label = 'Loading\u2026' }) {$/", "language": "JavaScript", "kind": "function", "signature": "({ label = 'Loading\u2026' })"}], "hash": "c29002cc141872e3edc658f762827df1", "format-version": 4, "code-base-name": "project_management_frontend", "filename": "project_management_frontend/src/components/common.js", "revision_history": [{"35": ""}]}