{"is_source_file": true, "format": "JavaScript (React JSX)", "description": "This file defines a React component for a Projects Page, which allows listing and creating projects associated with an organization. It handles state management, API calls, and UI rendering for project management.", "external_files": ["../api/resources", "../components/common", "../context/AuthContext"], "external_methods": ["listProjectsForOrg", "createProjectForOrg", "useAuth", "InlineError", "Loading"], "published": ["ProjectsPage"], "classes": [], "methods": [{"name": "load()", "description": "Fetches the list of projects for the organization and updates the component state.", "scope": "ProjectsPage", "scopeKind": "function"}, {"name": "onCreate(e)", "description": "Handles the creation of a new project, including form submission, API call, and state updates.", "scope": "ProjectsPage", "scopeKind": "function"}, {"name": "ProjectsPage()", "scope": "", "scopeKind": "", "description": "unavailable"}], "calls": ["listProjectsForOrg(token, orgId)", "createProjectForOrg(token, orgId, { name, description })", "useAuth()", "load()", "setItems()", "setError()", "setLoading()", "setCreating()", "setName()", "setDescription()", "setError()", "setCreating()", "useEffect(() => { load(); })"], "search-terms": ["ProjectsPage", "React component", "organization projects", "project creation", "API listProjectsForOrg", "API createProjectForOrg", "useParams", "useAuth", "React useState", "React useEffect"], "state": 2, "file_id": 20, "knowledge_revision": 41, "git_revision": "", "ctags": [{"_type": "tag", "name": "ProjectsPage", "path": "/home/kavia/workspace/code-generation/collaboratepro-311918-311929/project_management_frontend/src/pages/ProjectsPage.js", "pattern": "/^export default function ProjectsPage() {$/", "language": "JavaScript", "kind": "function", "signature": "()"}, {"_type": "tag", "name": "creating", "path": "/home/kavia/workspace/code-generation/collaboratepro-311918-311929/project_management_frontend/src/pages/ProjectsPage.js", "pattern": "/^            disabled={creating}$/", "language": "JavaScript", "kind": "field", "scope": "disabled", "scopeKind": "class"}, {"_type": "tag", "name": "creating", "path": "/home/kavia/workspace/code-generation/collaboratepro-311918-311929/project_management_frontend/src/pages/ProjectsPage.js", "pattern": "/^          disabled={creating}$/", "language": "JavaScript", "kind": "field", "scope": "disabled", "scopeKind": "class"}, {"_type": "tag", "name": "description", "path": "/home/kavia/workspace/code-generation/collaboratepro-311918-311929/project_management_frontend/src/pages/ProjectsPage.js", "pattern": "/^          value={description}$/", "language": "JavaScript", "kind": "field", "scope": "value", "scopeKind": "class"}, {"_type": "tag", "name": "error", "path": "/home/kavia/workspace/code-generation/collaboratepro-311918-311929/project_management_frontend/src/pages/ProjectsPage.js", "pattern": "/^      <InlineError error={error} \\/>$/", "language": "JavaScript", "kind": "field", "scope": "AnonymousClassec6f82a30401", "scopeKind": "class"}, {"_type": "tag", "name": "load", "path": "/home/kavia/workspace/code-generation/collaboratepro-311918-311929/project_management_frontend/src/pages/ProjectsPage.js", "pattern": "/^  async function load() {$/", "language": "JavaScript", "kind": "function", "signature": "()", "scope": "ProjectsPage", "scopeKind": "function"}, {"_type": "tag", "name": "name", "path": "/home/kavia/workspace/code-generation/collaboratepro-311918-311929/project_management_frontend/src/pages/ProjectsPage.js", "pattern": "/^          value={name}$/", "language": "JavaScript", "kind": "field", "scope": "value", "scopeKind": "class"}, {"_type": "tag", "name": "onCreate", "path": "/home/kavia/workspace/code-generation/collaboratepro-311918-311929/project_management_frontend/src/pages/ProjectsPage.js", "pattern": "/^  async function onCreate(e) {$/", "language": "JavaScript", "kind": "function", "signature": "(e)", "scope": "ProjectsPage", "scopeKind": "function"}], "hash": "5e91f2c7a7a00541c23fde8f98c184d5", "format-version": 4, "code-base-name": "project_management_frontend", "filename": "project_management_frontend/src/pages/ProjectsPage.js", "fields": [{"name": "disabled={creating}", "scope": "disabled", "scopeKind": "class", "description": "unavailable"}, {"name": "value={description}", "scope": "value", "scopeKind": "class", "description": "unavailable"}, {"name": "<InlineError error={error} \\/>", "scope": "AnonymousClassec6f82a30401", "scopeKind": "class", "description": "unavailable"}, {"name": "value={name}", "scope": "value", "scopeKind": "class", "description": "unavailable"}], "revision_history": [{"41": ""}]}