{"is_source_file": true, "format": "JavaScript", "description": "This file defines an authentication context in React using hooks, managing user authentication state, tokens, and provider functions such as login, logout, register, and refresh user data.", "external_files": ["../api/auth"], "external_methods": ["getMe", "login", "register", "getStoredToken", "setStoredToken"], "published": ["AuthProvider", "useAuth"], "classes": [], "methods": [{"name": "AuthProvider({ children })", "description": "React component providing authentication context to its children, managing auth state and actions.", "scope": "", "scopeKind": ""}, {"name": "useAuth()", "description": "Custom hook to access authentication context within React components.", "scope": "", "scopeKind": ""}, {"name": "boot()", "scope": "AuthProvider", "scopeKind": "function", "description": "unavailable"}], "calls": ["React.createContext", "useState", "useCallback", "useEffect", "useMemo", "setStoredToken", "getStoredToken", "getMe", "apiLogin", "apiRegister"], "search-terms": ["AuthContext", "React authentication", "AuthProvider", "useAuth", "token management", "user state"], "state": 2, "file_id": 16, "knowledge_revision": 34, "git_revision": "", "ctags": [{"_type": "tag", "name": "AuthContext", "path": "/home/kavia/workspace/code-generation/collaboratepro-311918-311929/project_management_frontend/src/context/AuthContext.js", "pattern": "/^const AuthContext = createContext(null);$/", "language": "JavaScript", "kind": "constant"}, {"_type": "tag", "name": "AuthProvider", "path": "/home/kavia/workspace/code-generation/collaboratepro-311918-311929/project_management_frontend/src/context/AuthContext.js", "pattern": "/^export function AuthProvider({ children }) {$/", "language": "JavaScript", "kind": "function", "signature": "({ children })"}, {"_type": "tag", "name": "boot", "path": "/home/kavia/workspace/code-generation/collaboratepro-311918-311929/project_management_frontend/src/context/AuthContext.js", "pattern": "/^    async function boot() {$/", "language": "JavaScript", "kind": "function", "signature": "()", "scope": "AuthProvider", "scopeKind": "function"}, {"_type": "tag", "name": "useAuth", "path": "/home/kavia/workspace/code-generation/collaboratepro-311918-311929/project_management_frontend/src/context/AuthContext.js", "pattern": "/^export function useAuth() {$/", "language": "JavaScript", "kind": "function", "signature": "()"}, {"_type": "tag", "name": "value", "path": "/home/kavia/workspace/code-generation/collaboratepro-311918-311929/project_management_frontend/src/context/AuthContext.js", "pattern": "/^  return <AuthContext.Provider value={value}>{children}<\\/AuthContext.Provider>;$/", "language": "JavaScript", "kind": "field", "scope": "Provider", "scopeKind": "class"}], "hash": "f56507a1449d6c2410702e5a277a523c", "format-version": 4, "code-base-name": "project_management_frontend", "filename": "project_management_frontend/src/context/AuthContext.js", "fields": [{"name": "return <AuthContext.Provider value={value}>{children}<\\/AuthContext.Provider>;", "scope": "Provider", "scopeKind": "class", "description": "unavailable"}], "revision_history": [{"34": ""}]}