{"is_source_file": true, "format": "JavaScript (React JSX)", "description": "This file defines a React component named TasksPage that manages listing and creating tasks within a specific project. It interacts with an API to fetch and modify task data and provides a user interface with forms and a table for task interaction.", "external_files": ["../api/resources", "../components/common", "../context/AuthContext"], "external_methods": ["listTasksForProject", "createTaskForProject", "InlineError", "Loading", "useAuth"], "published": ["TasksPage"], "classes": [], "methods": [{"name": "load()", "description": "Loads the list of tasks for the current project by calling the external API method 'listTasksForProject' and updates the state with the fetched tasks.", "scope": "TasksPage", "scopeKind": "function"}, {"name": "onCreate(e)", "description": "Handles the form submission to create a new task for the current project, calls the API 'createTaskForProject', and refreshes the task list.", "scope": "TasksPage", "scopeKind": "function"}, {"name": "TasksPage()", "scope": "", "scopeKind": "", "description": "unavailable"}], "calls": ["listTasksForProject", "createTaskForProject", "setItems", "setError", "setLoading", "setCreating", "load"], "search-terms": ["TasksPage", "projectId", "createTask", "listTasks", "React", "useParams", "useAuth", "task creation", "task listing", "project tasks component"], "state": 2, "file_id": 21, "knowledge_revision": 43, "git_revision": "", "ctags": [{"_type": "tag", "name": "STATUS_OPTIONS", "path": "/home/kavia/workspace/code-generation/collaboratepro-311918-311929/project_management_frontend/src/pages/TasksPage.js", "pattern": "/^const STATUS_OPTIONS = ['todo', 'in_progress', 'done'];$/", "language": "JavaScript", "kind": "constant"}, {"_type": "tag", "name": "TasksPage", "path": "/home/kavia/workspace/code-generation/collaboratepro-311918-311929/project_management_frontend/src/pages/TasksPage.js", "pattern": "/^export default function TasksPage() {$/", "language": "JavaScript", "kind": "function", "signature": "()"}, {"_type": "tag", "name": "creating", "path": "/home/kavia/workspace/code-generation/collaboratepro-311918-311929/project_management_frontend/src/pages/TasksPage.js", "pattern": "/^            disabled={creating}$/", "language": "JavaScript", "kind": "field", "scope": "disabled", "scopeKind": "class"}, {"_type": "tag", "name": "creating", "path": "/home/kavia/workspace/code-generation/collaboratepro-311918-311929/project_management_frontend/src/pages/TasksPage.js", "pattern": "/^          disabled={creating}$/", "language": "JavaScript", "kind": "field", "scope": "disabled", "scopeKind": "class"}, {"_type": "tag", "name": "description", "path": "/home/kavia/workspace/code-generation/collaboratepro-311918-311929/project_management_frontend/src/pages/TasksPage.js", "pattern": "/^          value={description}$/", "language": "JavaScript", "kind": "field", "scope": "value", "scopeKind": "class"}, {"_type": "tag", "name": "error", "path": "/home/kavia/workspace/code-generation/collaboratepro-311918-311929/project_management_frontend/src/pages/TasksPage.js", "pattern": "/^      <InlineError error={error} \\/>$/", "language": "JavaScript", "kind": "field", "scope": "AnonymousClassfefb64ff0401", "scopeKind": "class"}, {"_type": "tag", "name": "load", "path": "/home/kavia/workspace/code-generation/collaboratepro-311918-311929/project_management_frontend/src/pages/TasksPage.js", "pattern": "/^  async function load() {$/", "language": "JavaScript", "kind": "function", "signature": "()", "scope": "TasksPage", "scopeKind": "function"}, {"_type": "tag", "name": "onCreate", "path": "/home/kavia/workspace/code-generation/collaboratepro-311918-311929/project_management_frontend/src/pages/TasksPage.js", "pattern": "/^  async function onCreate(e) {$/", "language": "JavaScript", "kind": "function", "signature": "(e)", "scope": "TasksPage", "scopeKind": "function"}, {"_type": "tag", "name": "status", "path": "/home/kavia/workspace/code-generation/collaboratepro-311918-311929/project_management_frontend/src/pages/TasksPage.js", "pattern": "/^          <select value={status} onChange={(e) => setStatus(e.target.value)} disabled={creating}/", "language": "JavaScript", "kind": "field", "scope": "AnonymousClassfefb64ff0601", "scopeKind": "class"}, {"_type": "tag", "name": "title", "path": "/home/kavia/workspace/code-generation/collaboratepro-311918-311929/project_management_frontend/src/pages/TasksPage.js", "pattern": "/^          value={title}$/", "language": "JavaScript", "kind": "field", "scope": "value", "scopeKind": "class"}], "hash": "f430f0d44a7ecdd044f3acf5d2fe762b", "format-version": 4, "code-base-name": "project_management_frontend", "filename": "project_management_frontend/src/pages/TasksPage.js", "fields": [{"name": "disabled={creating}", "scope": "disabled", "scopeKind": "class", "description": "unavailable"}, {"name": "value={description}", "scope": "value", "scopeKind": "class", "description": "unavailable"}, {"name": "<InlineError error={error} \\/>", "scope": "AnonymousClassfefb64ff0401", "scopeKind": "class", "description": "unavailable"}, {"name": "<select value={status} onChange={(e) => setStatus(e.target.value)} disabled={creating}/", "scope": "AnonymousClassfefb64ff0601", "scopeKind": "class", "description": "unavailable"}, {"name": "value={title}", "scope": "value", "scopeKind": "class", "description": "unavailable"}], "revision_history": [{"43": ""}]}