{"is_source_file": true, "format": "JavaScript", "description": "This is an entry point source file for a React application that sets up the rendering of the main App component wrapped with authentication context and routing.", "external_files": ["./index.css", "./App", "./context/AuthContext"], "external_methods": [], "published": [], "classes": [], "methods": [], "calls": ["ReactDOM.createRoot", "root.render", "React.StrictMode", "AuthProvider", "BrowserRouter", "App"], "search-terms": ["React", "ReactDOM", "BrowserRouter", "AuthProvider", "index.js", "entry point", "React app"], "state": 2, "file_id": 8, "knowledge_revision": 49, "git_revision": "5d6d6f497d154663d99abb9ad50b716dc2fc3054", "revision_history": [{"23": "5d6d6f497d154663d99abb9ad50b716dc2fc3054"}, {"49": "5d6d6f497d154663d99abb9ad50b716dc2fc3054"}], "ctags": [{"_type": "tag", "name": "root", "path": "/home/kavia/workspace/code-generation/collaboratepro-311918-311929/project_management_frontend/src/index.js", "pattern": "/^const root = ReactDOM.createRoot(document.getElementById('root'));$/", "language": "JavaScript", "kind": "constant"}], "hash": "aea7522c0435f259b563ddc1723448cf", "format-version": 4, "code-base-name": "project_management_frontend", "filename": "project_management_frontend/src/index.js"}