{"is_source_file": true, "format": "JavaScript (React)", "description": "React component for displaying activity logs in the ActivityLogsPage.", "external_files": ["../api/resources", "../components/common", "../context/AuthContext"], "external_methods": ["listActivityLogs"], "published": ["ActivityLogsPage"], "classes": [], "methods": [{"name": "load()", "description": "Asynchronous function to fetch activity logs using the API and handle loading/error state.", "scope": "ActivityLogsPage", "scopeKind": "function"}, {"name": "ActivityLogsPage()", "scope": "", "scopeKind": "", "description": "unavailable"}], "calls": ["listActivityLogs", "useAuth", "useEffect", "setItems", "setError", "setLoading", "new Date", "toLocaleString"], "search-terms": ["ActivityLogsPage", "activityLogs", "listActivityLogs", "React", "useAuth", "activity logs component", "API resource"], "state": 2, "file_id": 22, "knowledge_revision": 46, "git_revision": "", "ctags": [{"_type": "tag", "name": "ActivityLogsPage", "path": "/home/kavia/workspace/code-generation/collaboratepro-311918-311929/project_management_frontend/src/pages/ActivityLogsPage.js", "pattern": "/^export default function ActivityLogsPage() {$/", "language": "JavaScript", "kind": "function", "signature": "()"}, {"_type": "tag", "name": "error", "path": "/home/kavia/workspace/code-generation/collaboratepro-311918-311929/project_management_frontend/src/pages/ActivityLogsPage.js", "pattern": "/^      <InlineError error={error} \\/>$/", "language": "JavaScript", "kind": "field", "scope": "AnonymousClassdd25a77b0301", "scopeKind": "class"}, {"_type": "tag", "name": "load", "path": "/home/kavia/workspace/code-generation/collaboratepro-311918-311929/project_management_frontend/src/pages/ActivityLogsPage.js", "pattern": "/^  async function load() {$/", "language": "JavaScript", "kind": "function", "signature": "()", "scope": "ActivityLogsPage", "scopeKind": "function"}], "hash": "99357b321d5ca1756bebfffd8deb6c6f", "format-version": 4, "code-base-name": "project_management_frontend", "filename": "project_management_frontend/src/pages/ActivityLogsPage.js", "fields": [{"name": "<InlineError error={error} \\/>", "scope": "AnonymousClassdd25a77b0301", "scopeKind": "class", "description": "unavailable"}], "revision_history": [{"46": ""}]}