{"is_source_file": true, "format": "JavaScript ES Module (mjs)", "description": "ESLint configuration file exporting an array of configuration objects, setting up rules, parser options, and plugins for a JavaScript/React project.", "external_files": ["@eslint/js", "eslint-plugin-react"], "external_methods": [], "published": [], "classes": [], "methods": [{"name": "default export", "description": "An array of ESLint configuration objects defining rules, parser options, globals, and plugins."}], "calls": ["pluginJs", "pluginReact", "pluginReact.configs.recommended"], "search-terms": ["eslint", "react", "js", "jsx", "eslint.config.mjs", "configuration"], "state": 2, "file_id": 4, "knowledge_revision": 22, "git_revision": "5d6d6f497d154663d99abb9ad50b716dc2fc3054", "hash": "be6538e7523bc2e9da0743133d784136", "format-version": 4, "code-base-name": "project_management_frontend", "filename": "project_management_frontend/eslint.config.mjs", "revision_history": [{"22": "5d6d6f497d154663d99abb9ad50b716dc2fc3054"}]}