{"is_source_file": false, "format": "", "description": "", "external_files": [], "external_methods": [], "published": [], "classes": [], "methods": [], "calls": [], "search-terms": [], "state": 2, "file_id": 1, "knowledge_revision": 15, "git_revision": "4356a141cabe881d2350359275efff7d26540242", "hash": "a53fef41abf6202207b7a8a6d96be7a3", "format-version": 4, "code-base-name": "project_management_frontend", "filename": "README.md", "revision_history": [{"15": "4356a141cabe881d2350359275efff7d26540242"}]}